{
    "transition": [
        [
            0.0002674563713003107,
            0.9997325436286997
        ],
        [
            0.9993672844642937,
            0.000632715535706347
        ]
    ],
    "emission": [
        0.24616253255205173,
        0.9975273768433653
    ],
    "initial": [
        0.5,
        0.5
    ]
}