{
    "transition": [
        [
            0.9163785460216726,
            0.08362145397832746
        ],
        [
            0.07366540964810453,
            0.9263345903518956
        ]
    ],
    "emission": [
        0.0024726231566347743,
        0.9950516757235396
    ],
    "initial": [
        0.5,
        0.5
    ]
}