{
    "transition": [
        [
            0.0003989149238306761,
            0.9996010850761693
        ],
        [
            0.9999566417897408,
            4.335821025931741e-05
        ]
    ],
    "emission": [
        0.7509847997201768,
        0.004481859000245187
    ],
    "initial": [
        0.5,
        0.5
    ]
}