{
    "transition": [
        [
            0.0035837164181783906,
            0.9964162835818217
        ],
        [
            0.17309014162054903,
            0.826909858379451
        ]
    ],
    "emission": [
        0.05836540461828543,
        0.9975273768433653
    ],
    "initial": [
        0.5,
        0.5
    ]
}