{
    "transition": [
        [
            0.0009863024801975736,
            0.996888237467698,
            0.0012098140223902208,
            2.31625217879235e-05,
            0.0008924835079263408
        ],
        [
            2.1172111650656422e-05,
            0.0008050549281494549,
            2.5402596105766153e-05,
            0.9981193757547875,
            0.001028994609306621
        ],
        [
            0.0015295128809268534,
            0.9983032864736805,
            7.140336523660304e-05,
            8.390616402409883e-05,
            1.1891116131982293e-05
        ],
        [
            0.9717271545451419,
            0.0009291351984089243,
            0.00016300257370294944,
            3.5939767009984635e-05,
            0.027144767915736223
        ],
        [
            6.232418646763957e-05,
            0.945610157126472,
            0.0537162800905499,
            0.0005080359496739114,
            0.00010320264683664559
        ]
    ],
    "emission": [
        0.9955365027539673,
        0.9975273768433653,
        0.9964770214332213,
        0.0024726231566347743,
        0.980178091872487
    ],
    "initial": [
        0.2,
        0.2,
        0.2,
        0.2,
        0.2
    ]
}