{
    "rand1": {
        "transition": [
            [
                0.3752310651880528,
                0.6247689348119472
            ],
            [
                0.7908497748690124,
                0.20915022513098763
            ]
        ],
        "emission": [
            0.9011988779516946,
            0.0381536661023224
        ],
        "initial": [
            0.5,
            0.5
        ]
    },
    "rand2": {
        "transition": [
            [
                0.6174599279972048,
                0.38254007200279516
            ],
            [
                0.8421916955173085,
                0.1578083044826916
            ]
        ],
        "emission": [
            0.3372166571092755,
            0.3337963946289553
        ],
        "initial": [
            0.5,
            0.5
        ]
    },
    "rand3": {
        "transition": [
            [
                0.9932320741277436,
                0.006767925872256343
            ],
            [
                0.8327633320753483,
                0.16723666792465175
            ]
        ],
        "emission": [
            0.5975994644879905,
            0.06987696145918243
        ],
        "initial": [
            0.5,
            0.5
        ]
    },
    "rand4": {
        "transition": [
            [
                0.41302298048719566,
                0.5869770195128043
            ],
            [
                0.9070647363990967,
                0.09293526360090329
            ]
        ],
        "emission": [
            0.14217506443150107,
            0.7900718443588016
        ],
        "initial": [
            0.5,
            0.5
        ]
    },
    "rand5": {
        "transition": [
            [
                0.022775934974663237,
                0.9772240650253368
            ],
            [
                0.6836624761314151,
                0.3163375238685849
            ]
        ],
        "emission": [
            0.8378376441951344,
            0.7687947474799836
        ],
        "initial": [
            0.5,
            0.5
        ]
    },
    "rand6": {
        "transition": [
            [
                0.2999777575581243,
                0.7000222424418757
            ],
            [
                0.2535809595449687,
                0.7464190404550313
            ]
        ],
        "emission": [
            0.5270749521614166,
            0.8093385246438048
        ],
        "initial": [
            0.5,
            0.5
        ]
    },
    "rand7": {
        "transition": [
            [
                0.44185364566013974,
                0.5581463543398603
            ],
            [
                0.6000470781413206,
                0.3999529218586793
            ]
        ],
        "emission": [
            0.684837218661006,
            0.6383532643054988
        ],
        "initial": [
            0.5,
            0.5
        ]
    },
    "rand8": {
        "transition": [
            [
                0.428235089337487,
                0.571764910662513
            ],
            [
                0.42104075222517134,
                0.5789592477748287
            ]
        ],
        "emission": [
            0.3745216318224833,
            0.03184130674110186
        ],
        "initial": [
            0.5,
            0.5
        ]
    }
}