{
    "fsm1": {
        "transition": [
            [
                0.005492778009729158,
                3.695907022685731e-05,
                0.0024746728653436585,
                0.9911623505282254,
                0.0008332395264748793
            ],
            [
                0.9412704407687824,
                0.0024097885687406023,
                0.05150019352499567,
                0.0024097885687406023,
                0.0024097885687406023
            ],
            [
                0.5729761623280232,
                0.0006674493505987366,
                0.00044017428139724333,
                0.002818699446239598,
                0.4230975145937414
            ],
            [
                0.992095483832521,
                2.5214692804590904e-05,
                0.00494329593341641,
                0.0020325162393124143,
                0.0009034893019456663
            ],
            [
                0.5938983979258912,
                0.21101131580484983,
                0.13451052646896194,
                0.010079590519913974,
                0.05050016928038304
            ]
        ],
        "p_right": [
            0.9975273768433653,
            0.002725493188373272,
            0.09125587119134221,
            0.0024726231566347743,
            0.9521794255371204
        ],
        "initial": [
            0.2,
            0.2,
            0.2,
            0.2,
            0.2
        ]
    }
}