{
    "fsm1": {
        "transition": [
            [
                0.005492778009729158,
                3.695907022685731e-05,
                0.0024746728653436585,
                0.9911623505282254,
                0.0008332395264748793
            ],
            [
                0.9412704407687824,
                0.0024097885687406023,
                0.05150019352499567,
                0.0024097885687406023,
                0.0024097885687406023
            ],
            [
                0.5729761623280232,
                0.0006674493505987366,
                0.00044017428139724333,
                0.002818699446239598,
                0.4230975145937414
            ],
            [
                0.992095483832521,
                2.5214692804590904e-05,
                0.00494329593341641,
                0.0020325162393124143,
                0.0009034893019456663
            ],
            [
                0.5938983979258912,
                0.21101131580484983,
                0.13451052646896194,
                0.010079590519913974,
                0.05050016928038304
            ]
        ],
        "emission": [
            0.9975273768433653,
            0.002725493188373272,
            0.09125587119134221,
            0.0024726231566347743,
            0.9521794255371204
        ],
        "initial": [
            0.2,
            0.2,
            0.2,
            0.2,
            0.2
        ]
    },
    "fsm2": {
        "transition": [
            [
                5.1309632456782176e-05,
                9.22242285284952e-05,
                9.692604535898587e-05,
                0.999735246422125,
                2.4293671530830505e-05
            ],
            [
                0.0001270583707434057,
                0.0001872232393603105,
                0.9991704265742001,
                0.00013938800599797604,
                0.00037590380969824755
            ],
            [
                0.999454240337232,
                9.879930789462585e-06,
                0.0004094767228735768,
                0.00011694822267848628,
                9.454786426427773e-06
            ],
            [
                5.645586099084984e-05,
                0.9995638511989673,
                0.00016862253136190773,
                6.418496464340112e-05,
                0.00014688544403630073
            ],
            [
                0.9879211326053852,
                0.0036058443263820607,
                0.00010098114870070044,
                0.008360573137390366,
                1.1468782141595574e-05
            ]
        ],
        "emission": [
            0.9963982415103503,
            0.0024726231566347743,
            0.0024726231566347743,
            0.9968216817128408,
            0.006660535995057034
        ],
        "initial": [
            0.2,
            0.2,
            0.2,
            0.2,
            0.2
        ]
    }
}